-- --------------------------------------------------------
-- 主機:                           127.0.0.1
-- 伺服器版本:                        11.2.2-MariaDB - mariadb.org binary distribution
-- 伺服器作業系統:                      Win64
-- HeidiSQL 版本:                  12.3.0.6589
-- --------------------------------------------------------

/*!40101 SET @OLD_CHARACTER_SET_CLIENT=@@CHARACTER_SET_CLIENT */;
/*!40101 SET NAMES utf8 */;
/*!50503 SET NAMES utf8mb4 */;
/*!40103 SET @OLD_TIME_ZONE=@@TIME_ZONE */;
/*!40103 SET TIME_ZONE='+00:00' */;
/*!40014 SET @OLD_FOREIGN_KEY_CHECKS=@@FOREIGN_KEY_CHECKS, FOREIGN_KEY_CHECKS=0 */;
/*!40101 SET @OLD_SQL_MODE=@@SQL_MODE, SQL_MODE='NO_AUTO_VALUE_ON_ZERO' */;
/*!40111 SET @OLD_SQL_NOTES=@@SQL_NOTES, SQL_NOTES=0 */;


-- 傾印 school 的資料庫結構
CREATE DATABASE IF NOT EXISTS `school` /*!40100 DEFAULT CHARACTER SET utf8mb4 COLLATE utf8mb4_general_ci */;
USE `school`;

-- 傾印  資料表 school.學生資料表 結構
CREATE TABLE IF NOT EXISTS `學生資料表` (
  `學號` char(5) NOT NULL,
  `姓名` varchar(4) CHARACTER SET utf8mb3 COLLATE utf8mb3_general_ci NOT NULL,
  `系碼` char(4) DEFAULT NULL,
  PRIMARY KEY (`學號`),
  KEY `系碼` (`系碼`),
  CONSTRAINT `學生資料表_ibfk_1` FOREIGN KEY (`系碼`) REFERENCES `科系代碼表` (`系碼`)
) ENGINE=InnoDB DEFAULT CHARSET=utf8mb4 COLLATE=utf8mb4_general_ci;

-- 正在傾印表格  school.學生資料表 的資料：~50 rows (近似值)
INSERT INTO `學生資料表` (`學號`, `姓名`, `系碼`) VALUES
	('S0001', '一心', 'D002'),
	('S0002', '二聖', 'D001'),
	('S0003', '三多', 'D002'),
	('S0004', '四維', 'D002'),
	('S0005', '五福', 'D002'),
	('S0006', '六合', 'D001'),
	('S0007', '哈哈', 'D002'),
	('S0008', '顆顆', 'D002'),
	('S0009', 'Ann', 'D002'),
	('S0010', 'Ben', 'D001'),
	('S0011', 'Bee', 'D001'),
	('S0012', 'wee', 'D001'),
	('S0013', 'week', 'D001'),
	('S0014', 'zoo', 'D002'),
	('S0015', '黃昏', 'D001'),
	('S0016', 'haha', 'D002'),
	('S0017', '范萬威', 'D002'),
	('S0018', '劉千傑', 'D003'),
	('S0019', '張八傑', 'D001'),
	('S0020', '許千凱', 'D002'),
	('S0021', '曾千光', 'D003'),
	('S0022', '彭二傑', 'D001'),
	('S0023', '洪三義', 'D002'),
	('S0024', '許四川', 'D003'),
	('S0025', '林五福', 'D001'),
	('S0026', '陳一心', 'D002'),
	('S0027', '張二怡', 'D003'),
	('S0028', '林三琳', 'D001'),
	('S0029', '黃四儒', 'D002'),
	('S0030', '王五萱', 'D003'),
	('S0031', '李六涵', 'D001'),
	('S0032', '吳七彤', 'D002'),
	('S0033', '蔡八婷', 'D003'),
	('S0034', '何九蓁', 'D001'),
	('S0035', '許十婷', 'D002'),
	('S0036', '賴百怡', 'D003'),
	('S0037', '江千安', 'D001'),
	('S0038', '郭萬玲', 'D002'),
	('S0039', '邱一瑄', 'D003'),
	('S0040', '鄭百君', 'D001'),
	('S0041', '許千安', 'D002'),
	('S0042', '范百琪', 'D003'),
	('S0043', '劉千雯', 'D001'),
	('S0044', '張八玲', 'D002'),
	('S0045', '許千瑜', 'D003'),
	('S0046', '曾千萍', 'D001'),
	('S0047', '彭二玉', 'D002'),
	('S0048', '洪三婷', 'D003'),
	('S0049', '許四蓮', 'D001'),
	('S0050', '林五美', 'D002');

-- 傾印  資料表 school.科系代碼表 結構
CREATE TABLE IF NOT EXISTS `科系代碼表` (
  `系碼` char(4) NOT NULL,
  `系名` char(4) NOT NULL,
  `系主任` varchar(4) CHARACTER SET utf8mb3 COLLATE utf8mb3_general_ci DEFAULT NULL,
  PRIMARY KEY (`系碼`)
) ENGINE=InnoDB DEFAULT CHARSET=utf8mb4 COLLATE=utf8mb4_general_ci;

-- 正在傾印表格  school.科系代碼表 的資料：~4 rows (近似值)
INSERT INTO `科系代碼表` (`系碼`, `系名`, `系主任`) VALUES
	('D001', '資工系', '朱主任'),
	('D002', '資傳系', '陳主任'),
	('D003', '資應系', '廖主任'),
	('D007', 'AA', 'DD');

-- 傾印  資料表 school.課程資料表 結構
CREATE TABLE IF NOT EXISTS `課程資料表` (
  `課號` char(5) NOT NULL,
  `課名` varchar(255) NOT NULL,
  `學分數` int(11) NOT NULL,
  `教師` varchar(50) DEFAULT NULL,
  PRIMARY KEY (`課號`)
) ENGINE=InnoDB DEFAULT CHARSET=utf8mb4 COLLATE=utf8mb4_general_ci;

-- 正在傾印表格  school.課程資料表 的資料：~20 rows (近似值)
INSERT INTO `課程資料表` (`課號`, `課名`, `學分數`, `教師`) VALUES
	('CS101', '機器學習', 2, '陳偉賢'),
	('CS102', '機率與統計', 3, '陳偉賢'),
	('CS103', '數位邏輯', 2, '林書瑞'),
	('CS104', '文學與生活', 2, '林書瑞'),
	('CS105', '微處理器與嵌入式系統', 3, '江瀚文'),
	('CS106', '網際網路實務', 2, '江瀚文'),
	('CS107', '人機介面', 3, '邱宗翰'),
	('CS108', '離散數學', 3, '邱宗翰'),
	('CS109', '感測系統與應用', 2, '范立威'),
	('CS110', '電子電路', 3, '范立威'),
	('CS111', '法律與生活', 2, '張欣怡'),
	('CS112', '進階程式設計', 3, '張欣怡'),
	('CS113', '數位內容資訊安全', 3, '李詩涵'),
	('CS114', '資料結構與演算法', 2, '李詩涵'),
	('CS115', '物聯網系統', 2, '賴靜怡'),
	('CS116', '網頁系統開發', 3, '賴靜怡'),
	('CS117', '訊號與系統', 2, '郭美玲'),
	('CS118', '行動遊戲設計', 3, '郭美玲'),
	('CS119', '雲端運算實務', 2, '劉靜雯'),
	('CS120', '智慧物聯網', 3, '劉靜雯');

-- 傾印  資料表 school.選課紀錄表 結構
CREATE TABLE IF NOT EXISTS `選課紀錄表` (
  `學號` char(5) NOT NULL,
  `課號` char(5) NOT NULL,
  PRIMARY KEY (`學號`,`課號`),
  KEY `fk_課號` (`課號`),
  CONSTRAINT `fk_學號` FOREIGN KEY (`學號`) REFERENCES `學生資料表` (`學號`),
  CONSTRAINT `fk_課號` FOREIGN KEY (`課號`) REFERENCES `課程資料表` (`課號`)
) ENGINE=InnoDB DEFAULT CHARSET=utf8mb4 COLLATE=utf8mb4_general_ci;

-- 正在傾印表格  school.選課紀錄表 的資料：~113 rows (近似值)
INSERT INTO `選課紀錄表` (`學號`, `課號`) VALUES
	('S0001', 'CS101'),
	('S0002', 'CS101'),
	('S0009', 'CS101'),
	('S0018', 'CS101'),
	('S0028', 'CS101'),
	('S0037', 'CS101'),
	('S0046', 'CS101'),
	('S0001', 'CS102'),
	('S0002', 'CS102'),
	('S0010', 'CS102'),
	('S0018', 'CS102'),
	('S0028', 'CS102'),
	('S0037', 'CS102'),
	('S0046', 'CS102'),
	('S0001', 'CS103'),
	('S0003', 'CS103'),
	('S0004', 'CS103'),
	('S0010', 'CS103'),
	('S0019', 'CS103'),
	('S0028', 'CS103'),
	('S0038', 'CS103'),
	('S0047', 'CS103'),
	('S0002', 'CS104'),
	('S0011', 'CS104'),
	('S0019', 'CS104'),
	('S0029', 'CS104'),
	('S0038', 'CS104'),
	('S0047', 'CS104'),
	('S0002', 'CS105'),
	('S0011', 'CS105'),
	('S0020', 'CS105'),
	('S0029', 'CS105'),
	('S0039', 'CS105'),
	('S0048', 'CS105'),
	('S0003', 'CS106'),
	('S0012', 'CS106'),
	('S0020', 'CS106'),
	('S0029', 'CS106'),
	('S0039', 'CS106'),
	('S0048', 'CS106'),
	('S0003', 'CS107'),
	('S0012', 'CS107'),
	('S0021', 'CS107'),
	('S0030', 'CS107'),
	('S0040', 'CS107'),
	('S0049', 'CS107'),
	('S0003', 'CS108'),
	('S0013', 'CS108'),
	('S0021', 'CS108'),
	('S0030', 'CS108'),
	('S0040', 'CS108'),
	('S0049', 'CS108'),
	('S0004', 'CS109'),
	('S0013', 'CS109'),
	('S0022', 'CS109'),
	('S0031', 'CS109'),
	('S0041', 'CS109'),
	('S0050', 'CS109'),
	('S0004', 'CS110'),
	('S0014', 'CS110'),
	('S0023', 'CS110'),
	('S0031', 'CS110'),
	('S0041', 'CS110'),
	('S0004', 'CS111'),
	('S0014', 'CS111'),
	('S0023', 'CS111'),
	('S0031', 'CS111'),
	('S0042', 'CS111'),
	('S0005', 'CS112'),
	('S0014', 'CS112'),
	('S0024', 'CS112'),
	('S0032', 'CS112'),
	('S0043', 'CS112'),
	('S0005', 'CS113'),
	('S0015', 'CS113'),
	('S0024', 'CS113'),
	('S0032', 'CS113'),
	('S0043', 'CS113'),
	('S0006', 'CS114'),
	('S0015', 'CS114'),
	('S0025', 'CS114'),
	('S0033', 'CS114'),
	('S0044', 'CS114'),
	('S0006', 'CS115'),
	('S0015', 'CS115'),
	('S0025', 'CS115'),
	('S0033', 'CS115'),
	('S0044', 'CS115'),
	('S0006', 'CS116'),
	('S0016', 'CS116'),
	('S0026', 'CS116'),
	('S0034', 'CS116'),
	('S0044', 'CS116'),
	('S0007', 'CS117'),
	('S0016', 'CS117'),
	('S0026', 'CS117'),
	('S0034', 'CS117'),
	('S0045', 'CS117'),
	('S0007', 'CS118'),
	('S0016', 'CS118'),
	('S0026', 'CS118'),
	('S0035', 'CS118'),
	('S0045', 'CS118'),
	('S0008', 'CS119'),
	('S0017', 'CS119'),
	('S0027', 'CS119'),
	('S0035', 'CS119'),
	('S0045', 'CS119'),
	('S0009', 'CS120'),
	('S0017', 'CS120'),
	('S0027', 'CS120'),
	('S0036', 'CS120'),
	('S0046', 'CS120');

/*!40103 SET TIME_ZONE=IFNULL(@OLD_TIME_ZONE, 'system') */;
/*!40101 SET SQL_MODE=IFNULL(@OLD_SQL_MODE, '') */;
/*!40014 SET FOREIGN_KEY_CHECKS=IFNULL(@OLD_FOREIGN_KEY_CHECKS, 1) */;
/*!40101 SET CHARACTER_SET_CLIENT=@OLD_CHARACTER_SET_CLIENT */;
/*!40111 SET SQL_NOTES=IFNULL(@OLD_SQL_NOTES, 1) */;
